step,mode,key,value,timestamp
0,train,Point_l2_Loss,0.2797509431838989,2025-04-22T14:29:03.951971
0,train,Transformation_Loss,0.033638566732406616,2025-04-22T14:29:03.951971
0,train,Rotation_Loss,2.0934009552001953,2025-04-22T14:29:03.951971
0,val,Point_l2_Loss,0.001920424762647599,2025-04-22T14:29:04.751485
0,val,Transformation_Loss,14.169094467163086,2025-04-22T14:29:04.751485
0,val,Rotation_Loss,2.011372745037079,2025-04-22T14:29:04.751485
100,train,Point_l2_Loss,0.0015922983875498176,2025-04-22T14:30:27.785538
100,train,Transformation_Loss,0.04287445545196533,2025-04-22T14:30:27.785538
100,train,Rotation_Loss,1.8606867790222168,2025-04-22T14:30:27.785538
200,train,Point_l2_Loss,0.0016472800634801388,2025-04-22T14:31:48.676860
200,train,Transformation_Loss,0.04268106073141098,2025-04-22T14:31:48.676860
200,train,Rotation_Loss,1.929582953453064,2025-04-22T14:31:48.676860
300,train,Point_l2_Loss,0.0010125974658876657,2025-04-22T14:33:08.051774
300,train,Transformation_Loss,0.031710024923086166,2025-04-22T14:33:08.051774
300,train,Rotation_Loss,2.016003131866455,2025-04-22T14:33:08.051774
400,train,Point_l2_Loss,0.0011762739159166813,2025-04-22T14:34:28.069029
400,train,Transformation_Loss,0.028508581221103668,2025-04-22T14:34:28.069029
400,train,Rotation_Loss,1.8872787952423096,2025-04-22T14:34:28.069029
500,train,Point_l2_Loss,0.0014682859182357788,2025-04-22T14:35:50.845067
500,train,Transformation_Loss,0.04111022502183914,2025-04-22T14:35:50.845067
500,train,Rotation_Loss,1.905587911605835,2025-04-22T14:35:50.845067
500,val,Point_l2_Loss,0.0010948371258564294,2025-04-22T14:35:52.033267
500,val,Transformation_Loss,0.04095955155789852,2025-04-22T14:35:52.033267
500,val,Rotation_Loss,1.948487365245819,2025-04-22T14:35:52.033267
600,train,Point_l2_Loss,0.0010480687487870455,2025-04-22T14:37:14.309373
600,train,Transformation_Loss,0.05740828067064285,2025-04-22T14:37:14.309373
600,train,Rotation_Loss,1.820209264755249,2025-04-22T14:37:14.309373
700,train,Point_l2_Loss,0.000958779826760292,2025-04-22T14:38:33.564389
700,train,Transformation_Loss,0.029542235657572746,2025-04-22T14:38:33.564389
700,train,Rotation_Loss,1.6684342622756958,2025-04-22T14:38:33.564389
800,train,Point_l2_Loss,0.0008833687752485275,2025-04-22T14:39:57.179589
800,train,Transformation_Loss,0.03009728714823723,2025-04-22T14:39:57.179589
800,train,Rotation_Loss,1.9761226177215576,2025-04-22T14:39:57.179589
900,train,Point_l2_Loss,0.0009537727455608547,2025-04-22T14:41:13.861977
900,train,Transformation_Loss,0.021033793687820435,2025-04-22T14:41:13.861977
900,train,Rotation_Loss,1.5994980335235596,2025-04-22T14:41:13.861977
1000,train,Point_l2_Loss,0.0010124024702236056,2025-04-22T14:42:35.584633
1000,train,Transformation_Loss,0.021420851349830627,2025-04-22T14:42:35.584633
1000,train,Rotation_Loss,2.1084704399108887,2025-04-22T14:42:35.584633
1000,val,Point_l2_Loss,0.001010394043987617,2025-04-22T14:42:35.974035
1000,val,Transformation_Loss,0.025334807485342024,2025-04-22T14:42:35.974035
1000,val,Rotation_Loss,1.7820843935012818,2025-04-22T14:42:35.974035
1100,train,Point_l2_Loss,0.0009084390476346016,2025-04-22T14:43:55.733619
1100,train,Transformation_Loss,0.029078826308250427,2025-04-22T14:43:55.733619
1100,train,Rotation_Loss,1.9000624418258667,2025-04-22T14:43:55.733619
1200,train,Point_l2_Loss,0.0008812856394797564,2025-04-22T14:45:15.744764
1200,train,Transformation_Loss,0.021697629243135452,2025-04-22T14:45:15.744764
1200,train,Rotation_Loss,1.9236674308776855,2025-04-22T14:45:15.744764
1300,train,Point_l2_Loss,0.0007728874916210771,2025-04-22T14:46:37.042078
1300,train,Transformation_Loss,0.019200414419174194,2025-04-22T14:46:37.042078
1300,train,Rotation_Loss,1.7198009490966797,2025-04-22T14:46:37.042078
1400,train,Point_l2_Loss,0.0008376866462640464,2025-04-22T14:47:57.047211
1400,train,Transformation_Loss,0.017353251576423645,2025-04-22T14:47:57.047211
1400,train,Rotation_Loss,1.5446360111236572,2025-04-22T14:47:57.047211
1500,train,Point_l2_Loss,0.0008441383833996952,2025-04-22T14:49:18.406227
1500,train,Transformation_Loss,0.016813641414046288,2025-04-22T14:49:18.406227
1500,train,Rotation_Loss,1.5026507377624512,2025-04-22T14:49:18.406227
1500,val,Point_l2_Loss,0.0008361872343812138,2025-04-22T14:49:30.658386
1500,val,Transformation_Loss,0.024947558343410493,2025-04-22T14:49:30.658386
1500,val,Rotation_Loss,1.5093901038169861,2025-04-22T14:49:30.658386
1600,train,Point_l2_Loss,0.0005040055839344859,2025-04-22T14:50:54.299746
1600,train,Transformation_Loss,0.014657502993941307,2025-04-22T14:50:54.299746
1600,train,Rotation_Loss,0.7276053428649902,2025-04-22T14:50:54.299746
1700,train,Point_l2_Loss,0.0005915954243391752,2025-04-22T14:52:14.257861
1700,train,Transformation_Loss,0.014785337261855602,2025-04-22T14:52:14.257861
1700,train,Rotation_Loss,1.300716519355774,2025-04-22T14:52:14.257861
1800,train,Point_l2_Loss,0.000610486778896302,2025-04-22T14:53:37.361576
1800,train,Transformation_Loss,0.010866649448871613,2025-04-22T14:53:37.361576
1800,train,Rotation_Loss,1.144909381866455,2025-04-22T14:53:37.361576
1900,train,Point_l2_Loss,0.0005949832266196609,2025-04-22T14:54:56.882884
1900,train,Transformation_Loss,0.013228077441453934,2025-04-22T14:54:56.882884
1900,train,Rotation_Loss,1.2876454591751099,2025-04-22T14:54:56.882884
2000,train,Point_l2_Loss,0.0005280724726617336,2025-04-22T14:56:20.023953
2000,train,Transformation_Loss,0.008320310153067112,2025-04-22T14:56:20.023953
2000,train,Rotation_Loss,0.8395615816116333,2025-04-22T14:56:20.023953
2000,val,Point_l2_Loss,0.0006012907368130981,2025-04-22T14:56:21.381147
2000,val,Transformation_Loss,0.013774973619729281,2025-04-22T14:56:21.381147
2000,val,Rotation_Loss,0.982380884885788,2025-04-22T14:56:21.381147
2100,train,Point_l2_Loss,0.00044560572132468224,2025-04-22T14:57:44.197437
2100,train,Transformation_Loss,0.010589301586151123,2025-04-22T14:57:44.197437
2100,train,Rotation_Loss,0.6770392060279846,2025-04-22T14:57:44.197437
2200,train,Point_l2_Loss,0.00043883867328986526,2025-04-22T14:59:06.950905
2200,train,Transformation_Loss,0.009200310334563255,2025-04-22T14:59:06.950905
2200,train,Rotation_Loss,1.2380316257476807,2025-04-22T14:59:06.950905
2300,train,Point_l2_Loss,0.0005029205931350589,2025-04-22T15:00:25.671791
2300,train,Transformation_Loss,0.008476562798023224,2025-04-22T15:00:25.671791
2300,train,Rotation_Loss,0.832399845123291,2025-04-22T15:00:25.671791
2400,train,Point_l2_Loss,0.00048771253204904497,2025-04-22T15:01:44.338548
2400,train,Transformation_Loss,0.008679592981934547,2025-04-22T15:01:44.338548
2400,train,Rotation_Loss,0.8896306753158569,2025-04-22T15:01:44.338548
2500,train,Point_l2_Loss,0.0005036179791204631,2025-04-22T15:03:05.956655
2500,train,Transformation_Loss,0.009925400838255882,2025-04-22T15:03:05.956655
2500,train,Rotation_Loss,0.9283359050750732,2025-04-22T15:03:05.956655
2500,val,Point_l2_Loss,0.0004822745773708448,2025-04-22T15:03:06.474588
2500,val,Transformation_Loss,0.013115465454757214,2025-04-22T15:03:06.474588
2500,val,Rotation_Loss,0.8086479663848877,2025-04-22T15:03:06.474588
2600,train,Point_l2_Loss,0.0004834525752812624,2025-04-22T15:04:26.301385
2600,train,Transformation_Loss,0.01074150763452053,2025-04-22T15:04:26.301385
2600,train,Rotation_Loss,0.9220714569091797,2025-04-22T15:04:26.301385
2700,train,Point_l2_Loss,0.0003950095269829035,2025-04-22T15:05:47.779893
2700,train,Transformation_Loss,0.010221662931144238,2025-04-22T15:05:47.779893
2700,train,Rotation_Loss,1.369070053100586,2025-04-22T15:05:47.779893
2800,train,Point_l2_Loss,0.00040254389750771224,2025-04-22T15:07:07.254956
2800,train,Transformation_Loss,0.0089014433324337,2025-04-22T15:07:07.254956
2800,train,Rotation_Loss,0.692719578742981,2025-04-22T15:07:07.254956
2900,train,Point_l2_Loss,0.0004721711156889796,2025-04-22T15:08:26.577581
2900,train,Transformation_Loss,0.008669918403029442,2025-04-22T15:08:26.577581
2900,train,Rotation_Loss,0.9485712647438049,2025-04-22T15:08:26.577581
3000,train,Point_l2_Loss,0.00043226181878708303,2025-04-22T15:09:47.557477
3000,train,Transformation_Loss,0.009463461115956306,2025-04-22T15:09:47.557477
3000,train,Rotation_Loss,0.8073157668113708,2025-04-22T15:09:47.557477
3000,val,Point_l2_Loss,0.000521673882030882,2025-04-22T15:10:01.757960
3000,val,Transformation_Loss,0.011937479069456459,2025-04-22T15:10:01.757960
3000,val,Rotation_Loss,0.7956490784883499,2025-04-22T15:10:01.757960
3100,train,Point_l2_Loss,0.00037811414222233,2025-04-22T15:11:21.575801
3100,train,Transformation_Loss,0.008939599618315697,2025-04-22T15:11:21.575801
3100,train,Rotation_Loss,0.8099908828735352,2025-04-22T15:11:21.575801
3200,train,Point_l2_Loss,0.00039328582352027297,2025-04-22T15:12:40.175935
3200,train,Transformation_Loss,0.0070940051227808,2025-04-22T15:12:40.175935
3200,train,Rotation_Loss,1.2263767719268799,2025-04-22T15:12:40.175935
3300,train,Point_l2_Loss,0.0003854733076877892,2025-04-22T15:14:01.235364
3300,train,Transformation_Loss,0.007303277961909771,2025-04-22T15:14:01.235364
3300,train,Rotation_Loss,0.5166314244270325,2025-04-22T15:14:01.235364
3400,train,Point_l2_Loss,0.0003806802851613611,2025-04-22T15:15:19.728441
3400,train,Transformation_Loss,0.006713653914630413,2025-04-22T15:15:19.728441
3400,train,Rotation_Loss,0.6786534786224365,2025-04-22T15:15:19.728441
3500,train,Point_l2_Loss,0.00033528427593410015,2025-04-22T15:16:41.493831
3500,train,Transformation_Loss,0.0067074112594127655,2025-04-22T15:16:41.493831
3500,train,Rotation_Loss,0.46464139223098755,2025-04-22T15:16:41.493831
3500,val,Point_l2_Loss,0.0005586698942352086,2025-04-22T15:16:42.379734
3500,val,Transformation_Loss,0.012466409150511027,2025-04-22T15:16:42.379734
3500,val,Rotation_Loss,0.7125640034675598,2025-04-22T15:16:42.379734
3600,train,Point_l2_Loss,0.0003491481184028089,2025-04-22T15:18:08.959059
3600,train,Transformation_Loss,0.008173691108822823,2025-04-22T15:18:08.959059
3600,train,Rotation_Loss,0.5193650722503662,2025-04-22T15:18:08.959059
3700,train,Point_l2_Loss,0.0004106598789803684,2025-04-22T15:19:25.659769
3700,train,Transformation_Loss,0.00635112076997757,2025-04-22T15:19:25.659769
3700,train,Rotation_Loss,0.9324561953544617,2025-04-22T15:19:25.659769
3800,train,Point_l2_Loss,0.0003650633152574301,2025-04-22T15:20:47.585841
3800,train,Transformation_Loss,0.006336701102554798,2025-04-22T15:20:47.585841
3800,train,Rotation_Loss,0.52875155210495,2025-04-22T15:20:47.585841
3900,train,Point_l2_Loss,0.00026504762354306877,2025-04-22T15:22:08.295911
3900,train,Transformation_Loss,0.004501897841691971,2025-04-22T15:22:08.295911
3900,train,Rotation_Loss,0.3825392425060272,2025-04-22T15:22:08.295911
4000,train,Point_l2_Loss,0.00031156401382759213,2025-04-22T15:23:31.024856
4000,train,Transformation_Loss,0.005478392355144024,2025-04-22T15:23:31.024856
4000,train,Rotation_Loss,0.3483288586139679,2025-04-22T15:23:31.024856
4000,val,Point_l2_Loss,0.000322104140650481,2025-04-22T15:23:31.513386
4000,val,Transformation_Loss,0.008505650702863932,2025-04-22T15:23:31.513386
4000,val,Rotation_Loss,0.6359375640749931,2025-04-22T15:23:31.513386
4100,train,Point_l2_Loss,0.0002509136975277215,2025-04-22T15:24:47.937537
4100,train,Transformation_Loss,0.0056304046884179115,2025-04-22T15:24:47.937537
4100,train,Rotation_Loss,0.46535393595695496,2025-04-22T15:24:47.937537
4200,train,Point_l2_Loss,0.0002603967150207609,2025-04-22T15:26:08.925859
4200,train,Transformation_Loss,0.005931926425546408,2025-04-22T15:26:08.925859
4200,train,Rotation_Loss,0.6225116848945618,2025-04-22T15:26:08.925859
4300,train,Point_l2_Loss,0.00031351158395409584,2025-04-22T15:27:30.316702
4300,train,Transformation_Loss,0.006894899066537619,2025-04-22T15:27:30.316702
4300,train,Rotation_Loss,1.0330619812011719,2025-04-22T15:27:30.316702
4400,train,Point_l2_Loss,0.0003287770668976009,2025-04-22T15:28:51.467476
4400,train,Transformation_Loss,0.007691312115639448,2025-04-22T15:28:51.467476
4400,train,Rotation_Loss,0.3616388738155365,2025-04-22T15:28:51.467476
4500,train,Point_l2_Loss,0.00025463802739977837,2025-04-22T15:30:11.932219
4500,train,Transformation_Loss,0.0055907247588038445,2025-04-22T15:30:11.932219
4500,train,Rotation_Loss,0.5146996974945068,2025-04-22T15:30:11.932219
4500,val,Point_l2_Loss,0.0003722130350070074,2025-04-22T15:30:22.938291
4500,val,Transformation_Loss,0.008861346868798137,2025-04-22T15:30:22.938291
4500,val,Rotation_Loss,0.5107498809695243,2025-04-22T15:30:22.938291
4600,train,Point_l2_Loss,0.00019853093544952571,2025-04-22T15:31:41.696797
4600,train,Transformation_Loss,0.00632993970066309,2025-04-22T15:31:41.696797
4600,train,Rotation_Loss,0.19303348660469055,2025-04-22T15:31:41.696797
4700,train,Point_l2_Loss,0.00023722366313450038,2025-04-22T15:33:03.123240
4700,train,Transformation_Loss,0.005261021666228771,2025-04-22T15:33:03.123240
4700,train,Rotation_Loss,0.5064644813537598,2025-04-22T15:33:03.123240
4800,train,Point_l2_Loss,0.0001997804210986942,2025-04-22T15:34:27.531676
4800,train,Transformation_Loss,0.005685762967914343,2025-04-22T15:34:27.531676
4800,train,Rotation_Loss,0.29982292652130127,2025-04-22T15:34:27.531676
4900,train,Point_l2_Loss,0.00024373570340685546,2025-04-22T15:35:46.692982
4900,train,Transformation_Loss,0.005188386887311935,2025-04-22T15:35:46.692982
4900,train,Rotation_Loss,0.4134109616279602,2025-04-22T15:35:46.692982
5000,train,Point_l2_Loss,0.00027650658739730716,2025-04-22T15:37:07.301953
5000,train,Transformation_Loss,0.005320172291249037,2025-04-22T15:37:07.301953
5000,train,Rotation_Loss,0.27091866731643677,2025-04-22T15:37:07.301953
5000,val,Point_l2_Loss,0.000347063085064292,2025-04-22T15:37:08.730870
5000,val,Transformation_Loss,0.00996722117997706,2025-04-22T15:37:08.730870
5000,val,Rotation_Loss,0.4181159809231758,2025-04-22T15:37:08.730870
5100,train,Point_l2_Loss,0.00020936294458806515,2025-04-22T15:38:34.536758
5100,train,Transformation_Loss,0.0059346528723835945,2025-04-22T15:38:34.536758
5100,train,Rotation_Loss,0.33221179246902466,2025-04-22T15:38:34.536758
5200,train,Point_l2_Loss,0.0001442750362912193,2025-04-22T15:39:56.843304
5200,train,Transformation_Loss,0.0034627551212906837,2025-04-22T15:39:56.843304
5200,train,Rotation_Loss,0.29177120327949524,2025-04-22T15:39:56.843304
5300,train,Point_l2_Loss,0.00017308238602709025,2025-04-22T15:41:16.340065
5300,train,Transformation_Loss,0.005914421286433935,2025-04-22T15:41:16.340065
5300,train,Rotation_Loss,0.46478453278541565,2025-04-22T15:41:16.340065
5400,train,Point_l2_Loss,0.00017202176968567073,2025-04-22T15:42:35.275108
5400,train,Transformation_Loss,0.003033077111467719,2025-04-22T15:42:35.275108
5400,train,Rotation_Loss,0.13989925384521484,2025-04-22T15:42:35.275108
5500,train,Point_l2_Loss,0.0001673656952334568,2025-04-22T15:43:58.926556
5500,train,Transformation_Loss,0.0029835838358849287,2025-04-22T15:43:58.926556
5500,train,Rotation_Loss,0.18295298516750336,2025-04-22T15:43:58.926556
5500,val,Point_l2_Loss,0.00020106234442209824,2025-04-22T15:43:59.659663
5500,val,Transformation_Loss,0.00540201582480222,2025-04-22T15:43:59.659663
5500,val,Rotation_Loss,0.3771849974989891,2025-04-22T15:43:59.659663
5600,train,Point_l2_Loss,0.00014179926074575633,2025-04-22T15:45:21.027841
5600,train,Transformation_Loss,0.003807625500485301,2025-04-22T15:45:21.027841
5600,train,Rotation_Loss,0.2831692099571228,2025-04-22T15:45:21.027841
5700,train,Point_l2_Loss,0.00019034101569559425,2025-04-22T15:46:39.148631
5700,train,Transformation_Loss,0.0036982446908950806,2025-04-22T15:46:39.148631
5700,train,Rotation_Loss,0.6413752436637878,2025-04-22T15:46:39.148631
5800,train,Point_l2_Loss,0.00015442020958289504,2025-04-22T15:48:02.166557
5800,train,Transformation_Loss,0.003954966552555561,2025-04-22T15:48:02.166557
5800,train,Rotation_Loss,0.4157787561416626,2025-04-22T15:48:02.166557
5900,train,Point_l2_Loss,0.00020201236475259066,2025-04-22T15:49:22.701968
5900,train,Transformation_Loss,0.003410827135667205,2025-04-22T15:49:22.701968
5900,train,Rotation_Loss,0.48221468925476074,2025-04-22T15:49:22.701968
6000,train,Point_l2_Loss,0.00016804916958790272,2025-04-22T15:50:43.756647
6000,train,Transformation_Loss,0.003909305203706026,2025-04-22T15:50:43.756647
6000,train,Rotation_Loss,0.16135486960411072,2025-04-22T15:50:43.756647
6000,val,Point_l2_Loss,0.0002115792507538572,2025-04-22T15:50:53.717963
6000,val,Transformation_Loss,0.005444446112960577,2025-04-22T15:50:53.717963
6000,val,Rotation_Loss,0.33040186017751694,2025-04-22T15:50:53.717963
6100,train,Point_l2_Loss,0.00014395220205187798,2025-04-22T15:52:13.529849
6100,train,Transformation_Loss,0.004908403381705284,2025-04-22T15:52:13.529849
6100,train,Rotation_Loss,0.28663960099220276,2025-04-22T15:52:13.529849
6200,train,Point_l2_Loss,0.00014294899301603436,2025-04-22T15:53:33.063509
6200,train,Transformation_Loss,0.00335512007586658,2025-04-22T15:53:33.063509
6200,train,Rotation_Loss,0.2888278067111969,2025-04-22T15:53:33.063509
6300,train,Point_l2_Loss,0.0001326135388808325,2025-04-22T15:54:55.843220
6300,train,Transformation_Loss,0.004032138269394636,2025-04-22T15:54:55.843220
6300,train,Rotation_Loss,0.323825865983963,2025-04-22T15:54:55.843220
6400,train,Point_l2_Loss,0.00016955597675405443,2025-04-22T15:56:15.088422
6400,train,Transformation_Loss,0.003570290980860591,2025-04-22T15:56:15.088422
6400,train,Rotation_Loss,0.17531859874725342,2025-04-22T15:56:15.088422
6500,train,Point_l2_Loss,0.00012830740888603032,2025-04-22T15:57:36.264167
6500,train,Transformation_Loss,0.00293838232755661,2025-04-22T15:57:36.264167
6500,train,Rotation_Loss,0.1416023075580597,2025-04-22T15:57:36.264167
6500,val,Point_l2_Loss,0.00016952182777458803,2025-04-22T15:57:37.378130
6500,val,Transformation_Loss,0.004633915307931602,2025-04-22T15:57:37.378130
6500,val,Rotation_Loss,0.1998987004160881,2025-04-22T15:57:37.378130
6600,train,Point_l2_Loss,0.00011150151840411127,2025-04-22T15:59:04.583979
6600,train,Transformation_Loss,0.003174552693963051,2025-04-22T15:59:04.583979
6600,train,Rotation_Loss,0.13186287879943848,2025-04-22T15:59:04.583979
6700,train,Point_l2_Loss,9.518927981844172e-05,2025-04-22T16:00:21.575807
6700,train,Transformation_Loss,0.002159498166292906,2025-04-22T16:00:21.575807
6700,train,Rotation_Loss,0.2880605161190033,2025-04-22T16:00:21.575807
6800,train,Point_l2_Loss,8.001319656614214e-05,2025-04-22T16:01:45.453984
6800,train,Transformation_Loss,0.003242583479732275,2025-04-22T16:01:45.453984
6800,train,Rotation_Loss,0.2947264015674591,2025-04-22T16:01:45.453984
6900,train,Point_l2_Loss,0.0001551891618873924,2025-04-22T16:03:04.159564
6900,train,Transformation_Loss,0.0034798546694219112,2025-04-22T16:03:04.159564
6900,train,Rotation_Loss,0.10942132771015167,2025-04-22T16:03:04.159564
7000,train,Point_l2_Loss,0.00017002927779685706,2025-04-22T16:04:24.787979
7000,train,Transformation_Loss,0.0033676386810839176,2025-04-22T16:04:24.787979
7000,train,Rotation_Loss,0.135005921125412,2025-04-22T16:04:24.787979
7000,val,Point_l2_Loss,0.00011591225920710712,2025-04-22T16:04:25.792395
7000,val,Transformation_Loss,0.0037837460869923232,2025-04-22T16:04:25.792395
7000,val,Rotation_Loss,0.2774570479989052,2025-04-22T16:04:25.792395
7100,train,Point_l2_Loss,9.448500350117683e-05,2025-04-22T16:05:45.660615
7100,train,Transformation_Loss,0.002732562366873026,2025-04-22T16:05:45.660615
7100,train,Rotation_Loss,0.1290808618068695,2025-04-22T16:05:45.660615
7200,train,Point_l2_Loss,6.102752740844153e-05,2025-04-22T16:07:03.378459
7200,train,Transformation_Loss,0.0018543757032603025,2025-04-22T16:07:03.378459
7200,train,Rotation_Loss,0.2681295573711395,2025-04-22T16:07:03.378459
7300,train,Point_l2_Loss,0.00010049244156107306,2025-04-22T16:08:25.063288
7300,train,Transformation_Loss,0.003151625394821167,2025-04-22T16:08:25.063288
7300,train,Rotation_Loss,0.09333263337612152,2025-04-22T16:08:25.063288
7400,train,Point_l2_Loss,9.661410877015442e-05,2025-04-22T16:09:44.031968
7400,train,Transformation_Loss,0.0025695692747831345,2025-04-22T16:09:44.031968
7400,train,Rotation_Loss,0.12772519886493683,2025-04-22T16:09:44.031968
7500,train,Point_l2_Loss,0.00011581079888856038,2025-04-22T16:11:09.279780
7500,train,Transformation_Loss,0.0032664556056261063,2025-04-22T16:11:09.279780
7500,train,Rotation_Loss,0.295087069272995,2025-04-22T16:11:09.279780
7500,val,Point_l2_Loss,0.00011797904517152347,2025-04-22T16:11:09.757709
7500,val,Transformation_Loss,0.003855504863895476,2025-04-22T16:11:09.757709
7500,val,Rotation_Loss,0.27909219935536383,2025-04-22T16:11:09.757709
7600,train,Point_l2_Loss,0.00014957072562538087,2025-04-22T16:12:30.399662
7600,train,Transformation_Loss,0.003654897678643465,2025-04-22T16:12:30.399662
7600,train,Rotation_Loss,0.27842602133750916,2025-04-22T16:12:30.399662
7700,train,Point_l2_Loss,6.1027771153021604e-05,2025-04-22T16:13:49.461293
7700,train,Transformation_Loss,0.0016784023027867079,2025-04-22T16:13:49.461293
7700,train,Rotation_Loss,0.4685787856578827,2025-04-22T16:13:49.461293
7800,train,Point_l2_Loss,7.712419028393924e-05,2025-04-22T16:15:10.443616
7800,train,Transformation_Loss,0.00234220246784389,2025-04-22T16:15:10.443616
7800,train,Rotation_Loss,0.28658077120780945,2025-04-22T16:15:10.443616
7900,train,Point_l2_Loss,8.544252341380343e-05,2025-04-22T16:16:28.221326
7900,train,Transformation_Loss,0.002957819728180766,2025-04-22T16:16:28.221326
7900,train,Rotation_Loss,0.2979748547077179,2025-04-22T16:16:28.221326
8000,train,Point_l2_Loss,6.751279579475522e-05,2025-04-22T16:17:51.199264
8000,train,Transformation_Loss,0.0025125648826360703,2025-04-22T16:17:51.199264
8000,train,Rotation_Loss,0.11261226236820221,2025-04-22T16:17:51.199264
8000,val,Point_l2_Loss,0.00011977579270023852,2025-04-22T16:18:08.833125
8000,val,Transformation_Loss,0.0034771515522152184,2025-04-22T16:18:08.833125
8000,val,Rotation_Loss,0.20058206990361213,2025-04-22T16:18:08.833125
8100,train,Point_l2_Loss,7.83783762017265e-05,2025-04-22T16:19:26.179896
8100,train,Transformation_Loss,0.002391746500506997,2025-04-22T16:19:26.179896
8100,train,Rotation_Loss,0.2827955484390259,2025-04-22T16:19:26.179896
8200,train,Point_l2_Loss,5.7529712648829445e-05,2025-04-22T16:20:45.340671
8200,train,Transformation_Loss,0.0014274197164922953,2025-04-22T16:20:45.340671
8200,train,Rotation_Loss,0.2597656548023224,2025-04-22T16:20:45.340671
8300,train,Point_l2_Loss,5.497046367963776e-05,2025-04-22T16:22:07.507554
8300,train,Transformation_Loss,0.002102765254676342,2025-04-22T16:22:07.507554
8300,train,Rotation_Loss,0.08260947465896606,2025-04-22T16:22:07.507554
8400,train,Point_l2_Loss,0.00010216540977125987,2025-04-22T16:23:36.680525
8400,train,Transformation_Loss,0.0023485124111175537,2025-04-22T16:23:36.680525
8400,train,Rotation_Loss,0.340615451335907,2025-04-22T16:23:36.680525
8500,train,Point_l2_Loss,6.101810868130997e-05,2025-04-22T16:25:10.137048
8500,train,Transformation_Loss,0.001751687377691269,2025-04-22T16:25:10.137048
8500,train,Rotation_Loss,0.08149491250514984,2025-04-22T16:25:10.137048
8500,val,Point_l2_Loss,9.059120711754076e-05,2025-04-22T16:25:10.747748
8500,val,Transformation_Loss,0.0034438427072018387,2025-04-22T16:25:10.747748
8500,val,Rotation_Loss,0.2698254734277725,2025-04-22T16:25:10.747748
8600,train,Point_l2_Loss,7.905618258519098e-05,2025-04-22T16:26:46.984238
8600,train,Transformation_Loss,0.003185317851603031,2025-04-22T16:26:46.984238
8600,train,Rotation_Loss,0.28186172246932983,2025-04-22T16:26:46.984238
8700,train,Point_l2_Loss,4.5111082727089524e-05,2025-04-22T16:28:17.221208
8700,train,Transformation_Loss,0.0012015732936561108,2025-04-22T16:28:17.221208
8700,train,Rotation_Loss,0.27181708812713623,2025-04-22T16:28:17.221208
8800,train,Point_l2_Loss,5.4047566663939506e-05,2025-04-22T16:29:50.427066
8800,train,Transformation_Loss,0.002293267520144582,2025-04-22T16:29:50.427066
8800,train,Rotation_Loss,0.08280672878026962,2025-04-22T16:29:50.427066
8900,train,Point_l2_Loss,9.747922740643844e-05,2025-04-22T16:31:22.999807
8900,train,Transformation_Loss,0.0027099947910755873,2025-04-22T16:31:22.999807
8900,train,Rotation_Loss,0.1684287041425705,2025-04-22T16:31:22.999807
9000,train,Point_l2_Loss,7.354245462920517e-05,2025-04-22T16:32:55.792395
9000,train,Transformation_Loss,0.002280866727232933,2025-04-22T16:32:55.792395
9000,train,Rotation_Loss,0.10454273223876953,2025-04-22T16:32:55.792395
9000,val,Point_l2_Loss,7.515049510402605e-05,2025-04-22T16:32:56.578501
9000,val,Transformation_Loss,0.002453687461093068,2025-04-22T16:32:56.578501
9000,val,Rotation_Loss,0.18318878412246703,2025-04-22T16:32:56.578501
9100,train,Point_l2_Loss,6.469443906098604e-05,2025-04-22T16:34:27.532314
9100,train,Transformation_Loss,0.0022228211164474487,2025-04-22T16:34:27.532314
9100,train,Rotation_Loss,0.0928177759051323,2025-04-22T16:34:27.532314
9200,train,Point_l2_Loss,4.543120667221956e-05,2025-04-22T16:35:58.099098
9200,train,Transformation_Loss,0.00097891956102103,2025-04-22T16:35:58.099098
9200,train,Rotation_Loss,0.4529140889644623,2025-04-22T16:35:58.099098
9300,train,Point_l2_Loss,5.823015817441046e-05,2025-04-22T16:37:32.489193
9300,train,Transformation_Loss,0.0023166665341705084,2025-04-22T16:37:32.489193
9300,train,Rotation_Loss,0.07659991085529327,2025-04-22T16:37:32.489193
9400,train,Point_l2_Loss,6.618341285502538e-05,2025-04-22T16:39:02.237216
9400,train,Transformation_Loss,0.002124196384102106,2025-04-22T16:39:02.237216
9400,train,Rotation_Loss,0.12080903351306915,2025-04-22T16:39:02.237216
9500,train,Point_l2_Loss,4.8071102355606854e-05,2025-04-22T16:40:32.836292
9500,train,Transformation_Loss,0.0016539007192477584,2025-04-22T16:40:32.836292
9500,train,Rotation_Loss,0.08439594507217407,2025-04-22T16:40:32.836292
9500,val,Point_l2_Loss,7.444437396770809e-05,2025-04-22T16:40:46.449188
9500,val,Transformation_Loss,0.0026201339904218914,2025-04-22T16:40:46.449188
9500,val,Rotation_Loss,0.1790061265230179,2025-04-22T16:40:46.449188
9600,train,Point_l2_Loss,4.2327301343902946e-05,2025-04-22T16:42:19.969784
9600,train,Transformation_Loss,0.0018325167475268245,2025-04-22T16:42:19.969784
9600,train,Rotation_Loss,0.05974337458610535,2025-04-22T16:42:19.969784
9700,train,Point_l2_Loss,5.573092494159937e-05,2025-04-22T16:43:47.761912
9700,train,Transformation_Loss,0.0013304123422130942,2025-04-22T16:43:47.761912
9700,train,Rotation_Loss,0.440494567155838,2025-04-22T16:43:47.761912
9800,train,Point_l2_Loss,6.1449347413145e-05,2025-04-22T16:45:24.029321
9800,train,Transformation_Loss,0.002139945514500141,2025-04-22T16:45:24.029321
9800,train,Rotation_Loss,0.29076087474823,2025-04-22T16:45:24.029321
9900,train,Point_l2_Loss,7.662810094188899e-05,2025-04-22T16:46:53.281210
9900,train,Transformation_Loss,0.002101314254105091,2025-04-22T16:46:53.281210
9900,train,Rotation_Loss,0.5044472217559814,2025-04-22T16:46:53.281210
